Workbook
Name Slicer_category_name: #N/A
Name Slicer_status: #N/A
Name Timeline_borrow_date: #N/A

Sheet Dashboard
S9: `

Sheet tbl_author
A1: author_id | B1: name | C1: bio
A2: 5 | B2: F. Scott Fitzgerald | C2: F. Scott Fitzgerald was an American novelist known for portraying life in the 1920s. His works often explore themes of wealth, ambition, and the American Dream.
A3: 6 | B3: Harper Lee | C3: Harper Lee was an American writer best known for this novel, which addresses racial injustice and moral growth. It became one of the most influential books in American literature.
A4: 7 | B4: Anne Frank | C4: Anne Frank was a Jewish teenager who documented her life while hiding during World War II. Her diary became one of the most important historical accounts of the Holocaust.
A5: 8 | B5: Nelson Mandela | C5: Nelson Mandela was a South African anti-apartheid leader and the country’s first Black president. His autobiography tells the story of his fight for equality and justice.
A6: 9 | B6: Jane Austen | C6: Jane Austen was an English novelist famous for her romantic fiction. Her works focus on social class, marriage, and strong female characters.
A7: 10 | B7: Jojo Moyes | C7: Jojo Moyes is a British author known for emotional romance novels. Her books often explore love, relationships, and personal growth.
A8: 11 | B8: J.K. Rowling | C8: J.K. Rowling is a British author who created the Harry Potter series. Her books became a global phenomenon and inspired movies, games, and theme parks.
A9: 12 | B9: J.R.R. Tolkien | C9: J.R.R. Tolkien was an English writer and professor. He is considered the father of modern fantasy and created the fictional world of Middle-earth.
A10: 13 | B10: Arthur Conan Doyle | C10: Arthur Conan Doyle was a British writer and physician. He is best known for creating the famous detective Sherlock Holmes.
A11: 14 | B11: Agatha Christie | C11: Agatha Christie was an English writer known as the “Queen of Mystery.” She wrote many bestselling detective novels and short stories.
A12: 15 | B12: V. Rajaraman | C12: V. Rajaraman is an Indian computer scientist and educator. He has written several textbooks used by students learning computer science and IT fundamentals.
A13: 16 | B13: Serge Lang | C13: Serge Lang was a mathematician and professor who authored many textbooks. His books are widely used for teaching mathematics at beginner and college levels.

Sheet tbl_category
A1: category_id | B1: category_name | D1: Row Labels | E1: Sum of available_copies | F1: Sum of borrowed_copies
A2: 14 | B2: Educational | D2: Educational | E2: 2 | F2: 0
A3: 5 | B3: Fantasy | D3: Fantasy | E3: 2 | F3: 0
A4: 8 | B4: Fiction | D4: Fiction | E4: 2 | F4: 0
A5: 7 | B5: Mystery | D5: Mystery | E5: 2 | F5: 0
A6: 13 | B6: Non-fiction | D6: Non-fiction | E6: 1 | F6: 1
A7: 6 | B7: Romance | D7: Romance | E7: 1 | F7: 1
D8: Grand Total | E8: 10 | F8: 2

Sheet tbl_book
A1: book_id | B1: title | C1: author_id | D1: category_id | E1: total_copies | F1: available_copies | G1: borrowed_copies | I1: Values
A2: 30 | B2: The Great Gatsby | C2: 5 | D2: 8 | E2: 1 | F2: 1 | G2: =E2 - F2 -> 0 | I2: Sum of available_copies | J2: 10
A3: 31 | B3: To Kill a Mockingbird | C3: 6 | D3: 8 | E3: 1 | F3: 1 | G3: =E3 - F3 -> 0 | I3: Sum of borrowed_copies | J3: 2
A4: 32 | B4: The Diary of a Young Girl | C4: 7 | D4: 13 | E4: 1 | F4: 0 | G4: =E4 - F4 -> 1
A5: 33 | B5: Long Walk to Freedom | C5: 8 | D5: 13 | E5: 1 | F5: 1 | G5: =E5 - F5 -> 0
A6: 34 | B6: Pride and Prejudice | C6: 9 | D6: 6 | E6: 1 | F6: 1 | G6: =E6 - F6 -> 0
A7: 35 | B7: Me Before You | C7: 10 | D7: 6 | E7: 1 | F7: 0 | G7: =E7 - F7 -> 1
A8: 36 | B8: Harry Potter and the Sorcerer’s Stone | C8: 11 | D8: 5 | E8: 1 | F8: 1 | G8: =E8 - F8 -> 0
A9: 37 | B9: The Hobbit | C9: 12 | D9: 5 | E9: 1 | F9: 1 | G9: =E9 - F9 -> 0
A10: 38 | B10: The Hound of the Baskervilles | C10: 13 | D10: 7 | E10: 1 | F10: 1 | G10: =E10 - F10 -> 0
A11: 39 | B11: Murder on the Orient Express | C11: 14 | D11: 7 | E11: 1 | F11: 1 | G11: =E11 - F11 -> 0
A12: 40 | B12: Introduction to Information Technology | C12: 15 | D12: 14 | E12: 1 | F12: 1 | G12: =E12 - F12 -> 0
A13: 41 | B13: Basic Mathematics | C13: 16 | D13: 14 | E13: 1 | F13: 1 | G13: =E13 - F13 -> 0

Sheet tbl_record
A1: borrow_id | B1: student_id | C1: book_id | D1: borrow_date | E1: due_date | F1: status | G1: return_date | H1: student_name | I1: book_title | J1: days_late | L1: Row Labels | M1: Count of book_title
A2: 22 | B2: 10 | C2: 40 | D2: 46031 | E2: 46033 | F2: Returned | G2: 46031 | H2: =VLOOKUP(B2, tbl_student!$A:$C, 2, FALSE) & " " & VLOOKUP(B2, tbl_student!$A:$C, 3, FALSE) -> Ronald Damo | I2: =VLOOKUP(C2, tbl_book!$A:$B, 2, FALSE) -> Introduction to Information Technology | J2: =IF(AND(F2="Borrowed", E2 < TODAY()), TODAY() - E2, 0) -> 0 | L2: Pride and Prejudice | M2: 1
A3: 23 | B3: 9 | C3: 35 | D3: 46031 | E3: 46033 | F3: Returned | G3: 46035 | H3: =VLOOKUP(B3, tbl_student!$A:$C, 2, FALSE) & " " & VLOOKUP(B3, tbl_student!$A:$C, 3, FALSE) -> Cyra Samillano | I3: =VLOOKUP(C3, tbl_book!$A:$B, 2, FALSE) -> Me Before You | J3: =IF(AND(F3="Borrowed", E3 < TODAY()), TODAY() - E3, 0) -> 0 | L3: Basic Mathematics | M3: 1
A4: 24 | B4: 7 | C4: 41 | D4: 46031 | E4: 46033 | F4: Returned | G4: 46035 | H4: =VLOOKUP(B4, tbl_student!$A:$C, 2, FALSE) & " " & VLOOKUP(B4, tbl_student!$A:$C, 3, FALSE) -> Bjorn Rosal | I4: =VLOOKUP(C4, tbl_book!$A:$B, 2, FALSE) -> Basic Mathematics | J4: =IF(AND(F4="Borrowed", E4 < TODAY()), TODAY() - E4, 0) -> 0 | L4: The Diary of a Young Girl | M4: 1
A5: 25 | B5: 12 | C5: 35 | D5: 46035 | E5: 46035 | F5: Returned | G5: 46035 | H5: =VLOOKUP(B5, tbl_student!$A:$C, 2, FALSE) & " " & VLOOKUP(B5, tbl_student!$A:$C, 3, FALSE) -> Jodisa Deligero | I5: =VLOOKUP(C5, tbl_book!$A:$B, 2, FALSE) -> Me Before You | J5: =IF(AND(F5="Borrowed", E5 < TODAY()), TODAY() - E5, 0) -> 0 | L5: Introduction to Information Technology | M5: 1
A6: 26 | B6: 9 | C6: 37 | D6: 46035 | E6: 46035 | F6: Returned | G6: 46035 | H6: =VLOOKUP(B6, tbl_student!$A:$C, 2, FALSE) & " " & VLOOKUP(B6, tbl_student!$A:$C, 3, FALSE) -> Cyra Samillano | I6: =VLOOKUP(C6, tbl_book!$A:$B, 2, FALSE) -> The Hobbit | J6: =IF(AND(F6="Borrowed", E6 < TODAY()), TODAY() - E6, 0) -> 0 | L6: To Kill a Mockingbird | M6: 1
A7: 27 | B7: 10 | C7: 34 | D7: 46035 | E7: 46035 | F7: Returned | G7: 46035 | H7: =VLOOKUP(B7, tbl_student!$A:$C, 2, FALSE) & " " & VLOOKUP(B7, tbl_student!$A:$C, 3, FALSE) -> Ronald Damo | I7: =VLOOKUP(C7, tbl_book!$A:$B, 2, FALSE) -> Pride and Prejudice | J7: =IF(AND(F7="Borrowed", E7 < TODAY()), TODAY() - E7, 0) -> 0 | L7: The Hobbit | M7: 1
A8: 28 | B8: 11 | C8: 35 | D8: 46035 | E8: 46035 | F8: Borrowed | H8: =VLOOKUP(B8, tbl_student!$A:$C, 2, FALSE) & " " & VLOOKUP(B8, tbl_student!$A:$C, 3, FALSE) -> Irene Romitares | I8: =VLOOKUP(C8, tbl_book!$A:$B, 2, FALSE) -> Me Before You | J8: =IF(AND(F8="Borrowed", E8 < TODAY()), TODAY() - E8, 0) -> 1 | L8: Me Before You | M8: 3
A9: 29 | B9: 10 | C9: 31 | D9: 46035 | E9: 46036 | F9: Returned | G9: 46035 | H9: =VLOOKUP(B9, tbl_student!$A:$C, 2, FALSE) & " " & VLOOKUP(B9, tbl_student!$A:$C, 3, FALSE) -> Ronald Damo | I9: =VLOOKUP(C9, tbl_book!$A:$B, 2, FALSE) -> To Kill a Mockingbird | J9: =IF(AND(F9="Borrowed", E9 < TODAY()), TODAY() - E9, 0) -> 0 | L9: Grand Total | M9: 9
A10: 30 | B10: 10 | C10: 32 | D10: 46035 | E10: 46036 | F10: Borrowed | H10: =VLOOKUP(B10, tbl_student!$A:$C, 2, FALSE) & " " & VLOOKUP(B10, tbl_student!$A:$C, 3, FALSE) -> Ronald Damo | I10: =VLOOKUP(C10, tbl_book!$A:$B, 2, FALSE) -> The Diary of a Young Girl | J10: =IF(AND(F10="Borrowed", E10 < TODAY()), TODAY() - E10, 0) -> 0
L25: Row Labels | M25: Count of borrow_id
L26: Bjorn Rosal | M26: 1
L27: Cyra Samillano | M27: 2
L28: Irene Romitares | M28: 1
L29: Jodisa Deligero | M29: 1
L30: Ronald Damo | M30: 4
L31: Grand Total | M31: 9
L49: Row Labels | M49: Sum of days_late
L50: Bjorn Rosal
L51: Basic Mathematics | M51: 0
L52: Cyra Samillano
L53: Me Before You | M53: 0
L54: The Hobbit | M54: 0
L55: Irene Romitares
L56: Me Before You | M56: 1
L57: Jodisa Deligero
L58: Me Before You | M58: 0
L59: Ronald Damo
L60: Introduction to Information Technology | M60: 0
L61: Pride and Prejudice | M61: 0
L62: The Diary of a Young Girl | M62: 0
L63: To Kill a Mockingbird | M63: 0
L64: Grand Total | M64: 1

Sheet tbl_reservation
A1: reservation_id | B1: student_id | C1: book_id | D1: reservation_date | E1: status
A2: 12 | B2: 12 | C2: 35 | D2: 46031 | E2: Done

Sheet tbl_return
A1: return_id | B1: borrow_id | C1: return_date
A2: 9 | B2: 22 | C2: 46031
A3: 10 | B3: 23 | C3: 46035
A4: 11 | B4: 24 | C4: 46035
A5: 12 | B5: 25 | C5: 46035
A6: 13 | B6: 26 | C6: 46035
A7: 14 | B7: 27 | C7: 46035
A8: 15 | B8: 29 | C8: 46035

Sheet tbl_student
A1: student_id | B1: first_name | C1: last_name | D1: middle_name | E1: contact_number
A2: 7 | B2: Bjorn | C2: Rosal | D2: Latrell | E2: 09361234321
A3: 9 | B3: Cyra | C3: Samillano | D3: Mae | E3: 09361237896
A4: 10 | B4: Ronald | C4: Damo | D4: Dams | E4: 09361234563
A5: 11 | B5: Irene | C5: Romitares | D5: Mae | E5: 09361239876
A6: 12 | B6: Jodisa | C6: Deligero | D6: Mae | E6: 09361236543

Sheet tbl_user
A1: user_id | B1: username | C1: password | D1: first_name | E1: last_name | F1: middle_name
A2: 1 | B2: Admin123 | C2: 123 | D2: Admin | E2: Amper | F2: Amps
